mois,code_compte,libelle_compte,centre_cout,montant_budget
2025-01-01,601000,Achats matieres premieres,ATELIER-ALU,99112.9
2025-01-01,601000,Achats matieres premieres,ATELIER-PVC,80962.59
2025-01-01,602000,Achats consommables,ATELIER-ALU,13489.54
2025-01-01,602000,Achats consommables,ATELIER-PVC,11667.85
2025-01-01,602000,Achats consommables,LOGISTIQUE,12283.77
2025-01-01,606100,Energie,ATELIER-ALU,10532.88
2025-01-01,606100,Energie,ATELIER-PVC,9352.96
2025-01-01,606100,Energie,LOGISTIQUE,8628.24
2025-01-01,606100,Energie,ADMIN,5357.84
2025-01-01,611000,Sous-traitance,ATELIER-ALU,24110.39
2025-01-01,611000,Sous-traitance,ATELIER-PVC,21381.0
2025-01-01,613000,Locations,LOGISTIQUE,6003.21
2025-01-01,613000,Locations,ADMIN,3429.55
2025-01-01,615000,Entretien maintenance,ATELIER-ALU,7807.56
2025-01-01,615000,Entretien maintenance,ATELIER-PVC,7104.92
2025-01-01,615000,Entretien maintenance,LOGISTIQUE,7031.46
2025-01-01,621000,Personnel interimaire,ATELIER-ALU,20121.31
2025-01-01,621000,Personnel interimaire,ATELIER-PVC,18160.68
2025-01-01,641000,Salaires,ATELIER-ALU,112630.53
2025-01-01,641000,Salaires,ATELIER-PVC,90311.74
2025-01-01,641000,Salaires,LOGISTIQUE,97905.28
2025-01-01,641000,Salaires,ADMIN,58129.39
2025-01-01,645000,Charges sociales,ATELIER-ALU,47528.41
2025-01-01,645000,Charges sociales,ATELIER-PVC,40553.01
2025-01-01,645000,Charges sociales,LOGISTIQUE,43920.29
2025-01-01,645000,Charges sociales,ADMIN,24788.22
2025-02-01,601000,Achats matieres premieres,ATELIER-ALU,93769.09
2025-02-01,601000,Achats matieres premieres,ATELIER-PVC,81572.09
2025-02-01,602000,Achats consommables,ATELIER-ALU,14279.54
2025-02-01,602000,Achats consommables,ATELIER-PVC,12124.47
2025-02-01,602000,Achats consommables,LOGISTIQUE,12368.55
2025-02-01,606100,Energie,ATELIER-ALU,10587.77
2025-02-01,606100,Energie,ATELIER-PVC,9032.61
2025-02-01,606100,Energie,LOGISTIQUE,9425.8
2025-02-01,606100,Energie,ADMIN,5334.41
2025-02-01,611000,Sous-traitance,ATELIER-ALU,25431.66
2025-02-01,611000,Sous-traitance,ATELIER-PVC,22724.69
2025-02-01,613000,Locations,LOGISTIQUE,6071.11
2025-02-01,613000,Locations,ADMIN,3730.21
2025-02-01,615000,Entretien maintenance,ATELIER-ALU,8112.27
2025-02-01,615000,Entretien maintenance,ATELIER-PVC,7143.2
2025-02-01,615000,Entretien maintenance,LOGISTIQUE,6682.08
2025-02-01,621000,Personnel interimaire,ATELIER-ALU,20136.75
2025-02-01,621000,Personnel interimaire,ATELIER-PVC,17620.9
2025-02-01,641000,Salaires,ATELIER-ALU,104659.23
2025-02-01,641000,Salaires,ATELIER-PVC,92461.51
2025-02-01,641000,Salaires,LOGISTIQUE,91209.51
2025-02-01,641000,Salaires,ADMIN,55734.45
2025-02-01,645000,Charges sociales,ATELIER-ALU,48955.36
2025-02-01,645000,Charges sociales,ATELIER-PVC,41432.3
2025-02-01,645000,Charges sociales,LOGISTIQUE,41454.76
2025-02-01,645000,Charges sociales,ADMIN,24467.96
2025-03-01,601000,Achats matieres premieres,ATELIER-ALU,95472.21
2025-03-01,601000,Achats matieres premieres,ATELIER-PVC,88711.56
2025-03-01,602000,Achats consommables,ATELIER-ALU,14004.29
2025-03-01,602000,Achats consommables,ATELIER-PVC,12130.96
2025-03-01,602000,Achats consommables,LOGISTIQUE,11605.37
2025-03-01,606100,Energie,ATELIER-ALU,10587.15
2025-03-01,606100,Energie,ATELIER-PVC,8697.06
2025-03-01,606100,Energie,LOGISTIQUE,8891.51
2025-03-01,606100,Energie,ADMIN,5664.34
2025-03-01,611000,Sous-traitance,ATELIER-ALU,25654.2
2025-03-01,611000,Sous-traitance,ATELIER-PVC,22125.29
2025-03-01,613000,Locations,LOGISTIQUE,6110.77
2025-03-01,613000,Locations,ADMIN,3723.43
2025-03-01,615000,Entretien maintenance,ATELIER-ALU,8272.18
2025-03-01,615000,Entretien maintenance,ATELIER-PVC,6810.33
2025-03-01,615000,Entretien maintenance,LOGISTIQUE,6672.47
2025-03-01,621000,Personnel interimaire,ATELIER-ALU,20317.99
2025-03-01,621000,Personnel interimaire,ATELIER-PVC,17581.93
2025-03-01,641000,Salaires,ATELIER-ALU,106092.49
2025-03-01,641000,Salaires,ATELIER-PVC,99207.64
2025-03-01,641000,Salaires,LOGISTIQUE,98575.49
2025-03-01,641000,Salaires,ADMIN,55943.66
2025-03-01,645000,Charges sociales,ATELIER-ALU,49050.77
2025-03-01,645000,Charges sociales,ATELIER-PVC,41561.65
2025-03-01,645000,Charges sociales,LOGISTIQUE,43741.1
2025-03-01,645000,Charges sociales,ADMIN,25096.31
2025-04-01,601000,Achats matieres premieres,ATELIER-ALU,95451.7
2025-04-01,601000,Achats matieres premieres,ATELIER-PVC,82846.33
2025-04-01,602000,Achats consommables,ATELIER-ALU,13884.69
2025-04-01,602000,Achats consommables,ATELIER-PVC,11715.29
2025-04-01,602000,Achats consommables,LOGISTIQUE,12101.5
2025-04-01,606100,Energie,ATELIER-ALU,10761.75
2025-04-01,606100,Energie,ATELIER-PVC,8909.46
2025-04-01,606100,Energie,LOGISTIQUE,8747.39
2025-04-01,606100,Energie,ADMIN,5668.67
2025-04-01,611000,Sous-traitance,ATELIER-ALU,25324.1
2025-04-01,611000,Sous-traitance,ATELIER-PVC,21100.0
2025-04-01,613000,Locations,LOGISTIQUE,5728.27
2025-04-01,613000,Locations,ADMIN,3459.47
2025-04-01,615000,Entretien maintenance,ATELIER-ALU,8152.59
2025-04-01,615000,Entretien maintenance,ATELIER-PVC,7204.46
2025-04-01,615000,Entretien maintenance,LOGISTIQUE,6945.51
2025-04-01,621000,Personnel interimaire,ATELIER-ALU,19796.5
2025-04-01,621000,Personnel interimaire,ATELIER-PVC,17786.91
2025-04-01,641000,Salaires,ATELIER-ALU,114670.13
2025-04-01,641000,Salaires,ATELIER-PVC,95276.59
2025-04-01,641000,Salaires,LOGISTIQUE,99475.24
2025-04-01,641000,Salaires,ADMIN,59056.44
2025-04-01,645000,Charges sociales,ATELIER-ALU,45940.45
2025-04-01,645000,Charges sociales,ATELIER-PVC,42927.03
2025-04-01,645000,Charges sociales,LOGISTIQUE,42763.18
2025-04-01,645000,Charges sociales,ADMIN,25293.17
2025-05-01,601000,Achats matieres premieres,ATELIER-ALU,95470.72
2025-05-01,601000,Achats matieres premieres,ATELIER-PVC,86198.18
2025-05-01,602000,Achats consommables,ATELIER-ALU,13263.94
2025-05-01,602000,Achats consommables,ATELIER-PVC,11921.72
2025-05-01,602000,Achats consommables,LOGISTIQUE,11944.47
2025-05-01,606100,Energie,ATELIER-ALU,10819.7
2025-05-01,606100,Energie,ATELIER-PVC,9338.27
2025-05-01,606100,Energie,LOGISTIQUE,8787.05
2025-05-01,606100,Energie,ADMIN,5400.32
2025-05-01,611000,Sous-traitance,ATELIER-ALU,24486.99
2025-05-01,611000,Sous-traitance,ATELIER-PVC,22907.78
2025-05-01,613000,Locations,LOGISTIQUE,6222.31
2025-05-01,613000,Locations,ADMIN,3527.44
2025-05-01,615000,Entretien maintenance,ATELIER-ALU,8161.85
2025-05-01,615000,Entretien maintenance,ATELIER-PVC,7076.28
2025-05-01,615000,Entretien maintenance,LOGISTIQUE,6756.99
2025-05-01,621000,Personnel interimaire,ATELIER-ALU,21243.4
2025-05-01,621000,Personnel interimaire,ATELIER-PVC,18070.88
2025-05-01,641000,Salaires,ATELIER-ALU,112293.99
2025-05-01,641000,Salaires,ATELIER-PVC,95288.36
2025-05-01,641000,Salaires,LOGISTIQUE,90255.43
2025-05-01,641000,Salaires,ADMIN,55997.69
2025-05-01,645000,Charges sociales,ATELIER-ALU,45979.07
2025-05-01,645000,Charges sociales,ATELIER-PVC,43802.21
2025-05-01,645000,Charges sociales,LOGISTIQUE,43590.63
2025-05-01,645000,Charges sociales,ADMIN,26035.8
2025-06-01,601000,Achats matieres premieres,ATELIER-ALU,95868.45
2025-06-01,601000,Achats matieres premieres,ATELIER-PVC,81242.36
2025-06-01,602000,Achats consommables,ATELIER-ALU,14321.65
2025-06-01,602000,Achats consommables,ATELIER-PVC,12536.34
2025-06-01,602000,Achats consommables,LOGISTIQUE,11502.78
2025-06-01,606100,Energie,ATELIER-ALU,10335.5
2025-06-01,606100,Energie,ATELIER-PVC,8612.29
2025-06-01,606100,Energie,LOGISTIQUE,9234.54
2025-06-01,606100,Energie,ADMIN,5543.55
2025-06-01,611000,Sous-traitance,ATELIER-ALU,24359.83
2025-06-01,611000,Sous-traitance,ATELIER-PVC,21945.62
2025-06-01,613000,Locations,LOGISTIQUE,6029.88
2025-06-01,613000,Locations,ADMIN,3515.42
2025-06-01,615000,Entretien maintenance,ATELIER-ALU,8349.81
2025-06-01,615000,Entretien maintenance,ATELIER-PVC,6946.2
2025-06-01,615000,Entretien maintenance,LOGISTIQUE,6798.26
2025-06-01,621000,Personnel interimaire,ATELIER-ALU,20781.34
2025-06-01,621000,Personnel interimaire,ATELIER-PVC,18413.88
2025-06-01,641000,Salaires,ATELIER-ALU,105985.08
2025-06-01,641000,Salaires,ATELIER-PVC,93211.3
2025-06-01,641000,Salaires,LOGISTIQUE,99703.92
2025-06-01,641000,Salaires,ADMIN,57854.3
2025-06-01,645000,Charges sociales,ATELIER-ALU,48001.02
2025-06-01,645000,Charges sociales,ATELIER-PVC,42073.82
2025-06-01,645000,Charges sociales,LOGISTIQUE,40408.22
2025-06-01,645000,Charges sociales,ADMIN,24506.24
2025-07-01,601000,Achats matieres premieres,ATELIER-ALU,96167.29
2025-07-01,601000,Achats matieres premieres,ATELIER-PVC,85750.62
2025-07-01,602000,Achats consommables,ATELIER-ALU,13427.56
2025-07-01,602000,Achats consommables,ATELIER-PVC,11664.26
2025-07-01,602000,Achats consommables,LOGISTIQUE,11485.19
2025-07-01,606100,Energie,ATELIER-ALU,10485.69
2025-07-01,606100,Energie,ATELIER-PVC,8756.05
2025-07-01,606100,Energie,LOGISTIQUE,9364.88
2025-07-01,606100,Energie,ADMIN,5594.2
2025-07-01,611000,Sous-traitance,ATELIER-ALU,24214.27
2025-07-01,611000,Sous-traitance,ATELIER-PVC,21423.61
2025-07-01,613000,Locations,LOGISTIQUE,6101.39
2025-07-01,613000,Locations,ADMIN,3497.13
2025-07-01,615000,Entretien maintenance,ATELIER-ALU,7754.01
2025-07-01,615000,Entretien maintenance,ATELIER-PVC,7304.86
2025-07-01,615000,Entretien maintenance,LOGISTIQUE,7049.73
2025-07-01,621000,Personnel interimaire,ATELIER-ALU,20643.43
2025-07-01,621000,Personnel interimaire,ATELIER-PVC,18512.31
2025-07-01,641000,Salaires,ATELIER-ALU,112609.4
2025-07-01,641000,Salaires,ATELIER-PVC,92058.89
2025-07-01,641000,Salaires,LOGISTIQUE,91170.84
2025-07-01,641000,Salaires,ADMIN,56606.99
2025-07-01,645000,Charges sociales,ATELIER-ALU,47930.88
2025-07-01,645000,Charges sociales,ATELIER-PVC,41861.5
2025-07-01,645000,Charges sociales,LOGISTIQUE,42962.12
2025-07-01,645000,Charges sociales,ADMIN,25636.88
2025-08-01,601000,Achats matieres premieres,ATELIER-ALU,102482.71
2025-08-01,601000,Achats matieres premieres,ATELIER-PVC,81586.55
2025-08-01,602000,Achats consommables,ATELIER-ALU,13665.62
2025-08-01,602000,Achats consommables,ATELIER-PVC,11807.16
2025-08-01,602000,Achats consommables,LOGISTIQUE,12434.01
2025-08-01,606100,Energie,ATELIER-ALU,10089.86
2025-08-01,606100,Energie,ATELIER-PVC,8721.19
2025-08-01,606100,Energie,LOGISTIQUE,8953.75
2025-08-01,606100,Energie,ADMIN,5357.82
2025-08-01,611000,Sous-traitance,ATELIER-ALU,24739.72
2025-08-01,611000,Sous-traitance,ATELIER-PVC,21449.57
2025-08-01,613000,Locations,LOGISTIQUE,6253.96
2025-08-01,613000,Locations,ADMIN,3579.53
2025-08-01,615000,Entretien maintenance,ATELIER-ALU,8340.89
2025-08-01,615000,Entretien maintenance,ATELIER-PVC,7035.23
2025-08-01,615000,Entretien maintenance,LOGISTIQUE,6685.41
2025-08-01,621000,Personnel interimaire,ATELIER-ALU,21733.51
2025-08-01,621000,Personnel interimaire,ATELIER-PVC,18604.85
2025-08-01,641000,Salaires,ATELIER-ALU,114373.78
2025-08-01,641000,Salaires,ATELIER-PVC,99050.49
2025-08-01,641000,Salaires,LOGISTIQUE,98312.61
2025-08-01,641000,Salaires,ADMIN,55097.97
2025-08-01,645000,Charges sociales,ATELIER-ALU,48230.65
2025-08-01,645000,Charges sociales,ATELIER-PVC,40797.74
2025-08-01,645000,Charges sociales,LOGISTIQUE,41584.37
2025-08-01,645000,Charges sociales,ADMIN,24087.76
2025-09-01,601000,Achats matieres premieres,ATELIER-ALU,96566.96
2025-09-01,601000,Achats matieres premieres,ATELIER-PVC,89125.13
2025-09-01,602000,Achats consommables,ATELIER-ALU,13475.98
2025-09-01,602000,Achats consommables,ATELIER-PVC,12340.88
2025-09-01,602000,Achats consommables,LOGISTIQUE,11946.01
2025-09-01,606100,Energie,ATELIER-ALU,10270.31
2025-09-01,606100,Energie,ATELIER-PVC,9411.59
2025-09-01,606100,Energie,LOGISTIQUE,9445.88
2025-09-01,606100,Energie,ADMIN,5430.11
2025-09-01,611000,Sous-traitance,ATELIER-ALU,25852.57
2025-09-01,611000,Sous-traitance,ATELIER-PVC,21240.55
2025-09-01,613000,Locations,LOGISTIQUE,5878.02
2025-09-01,613000,Locations,ADMIN,3768.74
2025-09-01,615000,Entretien maintenance,ATELIER-ALU,8113.74
2025-09-01,615000,Entretien maintenance,ATELIER-PVC,7029.54
2025-09-01,615000,Entretien maintenance,LOGISTIQUE,7173.58
2025-09-01,621000,Personnel interimaire,ATELIER-ALU,19783.33
2025-09-01,621000,Personnel interimaire,ATELIER-PVC,18151.52
2025-09-01,641000,Salaires,ATELIER-ALU,109281.14
2025-09-01,641000,Salaires,ATELIER-PVC,98350.84
2025-09-01,641000,Salaires,LOGISTIQUE,91745.61
2025-09-01,641000,Salaires,ADMIN,59626.44
2025-09-01,645000,Charges sociales,ATELIER-ALU,46271.94
2025-09-01,645000,Charges sociales,ATELIER-PVC,40680.46
2025-09-01,645000,Charges sociales,LOGISTIQUE,42399.15
2025-09-01,645000,Charges sociales,ADMIN,25641.54
2025-10-01,601000,Achats matieres premieres,ATELIER-ALU,95161.62
2025-10-01,601000,Achats matieres premieres,ATELIER-PVC,81769.04
2025-10-01,602000,Achats consommables,ATELIER-ALU,14338.6
2025-10-01,602000,Achats consommables,ATELIER-PVC,11695.46
2025-10-01,602000,Achats consommables,LOGISTIQUE,12113.42
2025-10-01,606100,Energie,ATELIER-ALU,10473.56
2025-10-01,606100,Energie,ATELIER-PVC,8927.3
2025-10-01,606100,Energie,LOGISTIQUE,9075.31
2025-10-01,606100,Energie,ADMIN,5412.3
2025-10-01,611000,Sous-traitance,ATELIER-ALU,26399.81
2025-10-01,611000,Sous-traitance,ATELIER-PVC,21349.37
2025-10-01,613000,Locations,LOGISTIQUE,6129.72
2025-10-01,613000,Locations,ADMIN,3505.93
2025-10-01,615000,Entretien maintenance,ATELIER-ALU,7966.11
2025-10-01,615000,Entretien maintenance,ATELIER-PVC,7120.18
2025-10-01,615000,Entretien maintenance,LOGISTIQUE,6860.0
2025-10-01,621000,Personnel interimaire,ATELIER-ALU,20319.49
2025-10-01,621000,Personnel interimaire,ATELIER-PVC,18453.36
2025-10-01,641000,Salaires,ATELIER-ALU,104580.03
2025-10-01,641000,Salaires,ATELIER-PVC,94603.71
2025-10-01,641000,Salaires,LOGISTIQUE,99735.32
2025-10-01,641000,Salaires,ADMIN,59827.75
2025-10-01,645000,Charges sociales,ATELIER-ALU,46238.85
2025-10-01,645000,Charges sociales,ATELIER-PVC,40795.25
2025-10-01,645000,Charges sociales,LOGISTIQUE,41013.84
2025-10-01,645000,Charges sociales,ADMIN,26291.81
2025-11-01,601000,Achats matieres premieres,ATELIER-ALU,101472.95
2025-11-01,601000,Achats matieres premieres,ATELIER-PVC,88223.8
2025-11-01,602000,Achats consommables,ATELIER-ALU,13619.95
2025-11-01,602000,Achats consommables,ATELIER-PVC,11589.3
2025-11-01,602000,Achats consommables,LOGISTIQUE,12400.49
2025-11-01,606100,Energie,ATELIER-ALU,10560.66
2025-11-01,606100,Energie,ATELIER-PVC,9100.51
2025-11-01,606100,Energie,LOGISTIQUE,9438.51
2025-11-01,606100,Energie,ADMIN,5483.15
2025-11-01,611000,Sous-traitance,ATELIER-ALU,24054.79
2025-11-01,611000,Sous-traitance,ATELIER-PVC,22697.63
2025-11-01,613000,Locations,LOGISTIQUE,5879.63
2025-11-01,613000,Locations,ADMIN,3658.82
2025-11-01,615000,Entretien maintenance,ATELIER-ALU,8403.34
2025-11-01,615000,Entretien maintenance,ATELIER-PVC,6744.0
2025-11-01,615000,Entretien maintenance,LOGISTIQUE,6730.8
2025-11-01,621000,Personnel interimaire,ATELIER-ALU,19886.56
2025-11-01,621000,Personnel interimaire,ATELIER-PVC,18095.8
2025-11-01,641000,Salaires,ATELIER-ALU,106762.9
2025-11-01,641000,Salaires,ATELIER-PVC,95995.88
2025-11-01,641000,Salaires,LOGISTIQUE,97067.32
2025-11-01,641000,Salaires,ADMIN,55310.5
2025-11-01,645000,Charges sociales,ATELIER-ALU,48948.37
2025-11-01,645000,Charges sociales,ATELIER-PVC,41008.73
2025-11-01,645000,Charges sociales,LOGISTIQUE,41951.83
2025-11-01,645000,Charges sociales,ADMIN,26221.45
2025-12-01,601000,Achats matieres premieres,ATELIER-ALU,101133.16
2025-12-01,601000,Achats matieres premieres,ATELIER-PVC,81534.54
2025-12-01,602000,Achats consommables,ATELIER-ALU,13694.53
2025-12-01,602000,Achats consommables,ATELIER-PVC,11732.02
2025-12-01,602000,Achats consommables,LOGISTIQUE,11404.25
2025-12-01,606100,Energie,ATELIER-ALU,10630.61
2025-12-01,606100,Energie,ATELIER-PVC,9123.4
2025-12-01,606100,Energie,LOGISTIQUE,8785.76
2025-12-01,606100,Energie,ADMIN,5530.26
2025-12-01,611000,Sous-traitance,ATELIER-ALU,25430.75
2025-12-01,611000,Sous-traitance,ATELIER-PVC,21840.91
2025-12-01,613000,Locations,LOGISTIQUE,5705.8
2025-12-01,613000,Locations,ADMIN,3447.09
2025-12-01,615000,Entretien maintenance,ATELIER-ALU,8358.4
2025-12-01,615000,Entretien maintenance,ATELIER-PVC,7282.75
2025-12-01,615000,Entretien maintenance,LOGISTIQUE,7031.91
2025-12-01,621000,Personnel interimaire,ATELIER-ALU,21392.61
2025-12-01,621000,Personnel interimaire,ATELIER-PVC,18148.52
2025-12-01,641000,Salaires,ATELIER-ALU,105405.42
2025-12-01,641000,Salaires,ATELIER-PVC,91460.73
2025-12-01,641000,Salaires,LOGISTIQUE,93178.45
2025-12-01,641000,Salaires,ADMIN,59274.19
2025-12-01,645000,Charges sociales,ATELIER-ALU,49730.27
2025-12-01,645000,Charges sociales,ATELIER-PVC,43514.95
2025-12-01,645000,Charges sociales,LOGISTIQUE,43675.48
2025-12-01,645000,Charges sociales,ADMIN,24469.39
