mois,code_compte,centre_cout,montant_reel
2025-01-01,601000,ATELIER-ALU,92902.03
2025-01-01,601000,ATELIER-PVC,90924.28
2025-01-01,602000,ATELIER-ALU,13384.75
2025-01-01,602000,ATELIER-PVC,10548.83
2025-01-01,602000,LOGISTIQUE,14158.42
2025-01-01,606100,ATELIER-ALU,11941.86
2025-01-01,606100,ATELIER-PVC,8031.16
2025-01-01,606100,LOGISTIQUE,8337.17
2025-01-01,606100,ADMIN,6058.55
2025-01-01,611000,ATELIER-ALU,27335.45
2025-01-01,611000,ATELIER-PVC,24066.05
2025-01-01,613000,LOGISTIQUE,6935.26
2025-01-01,613000,ADMIN,3182.11
2025-01-01,615000,ATELIER-ALU,7894.27
2025-01-01,615000,ATELIER-PVC,8016.99
2025-01-01,615000,LOGISTIQUE,6034.98
2025-01-01,621000,ATELIER-ALU,19414.88
2025-01-01,621000,ATELIER-PVC,21582.36
2025-01-01,641000,ATELIER-ALU,121023.6
2025-01-01,641000,ATELIER-PVC,107778.25
2025-01-01,641000,LOGISTIQUE,115404.18
2025-01-01,641000,ADMIN,69153.06
2025-01-01,645000,ATELIER-ALU,56410.85
2025-01-01,645000,ATELIER-PVC,36008.68
2025-01-01,645000,LOGISTIQUE,48531.52
2025-01-01,645000,ADMIN,26329.38
2025-02-01,601000,ATELIER-ALU,92345.53
2025-02-01,601000,ATELIER-PVC,76608.66
2025-02-01,602000,ATELIER-ALU,12146.06
2025-02-01,602000,ATELIER-PVC,12590.76
2025-02-01,602000,LOGISTIQUE,13725.16
2025-02-01,606100,ATELIER-ALU,10349.31
2025-02-01,606100,ATELIER-PVC,9777.65
2025-02-01,606100,LOGISTIQUE,9047.55
2025-02-01,606100,ADMIN,5878.06
2025-02-01,611000,ATELIER-ALU,24369.88
2025-02-01,611000,ATELIER-PVC,22516.53
2025-02-01,613000,LOGISTIQUE,5430.92
2025-02-01,613000,ADMIN,4398.39
2025-02-01,615000,ATELIER-ALU,9458.76
2025-02-01,615000,ATELIER-PVC,6824.13
2025-02-01,615000,LOGISTIQUE,5680.72
2025-02-01,621000,ATELIER-ALU,20146.03
2025-02-01,621000,ATELIER-PVC,19015.54
2025-02-01,641000,ATELIER-ALU,105156.98
2025-02-01,641000,ATELIER-PVC,93905.31
2025-02-01,641000,LOGISTIQUE,102939.84
2025-02-01,641000,ADMIN,49028.39
2025-02-01,645000,ATELIER-ALU,52457.1
2025-02-01,645000,ATELIER-PVC,47085.66
2025-02-01,645000,LOGISTIQUE,44998.25
2025-02-01,645000,ADMIN,31783.11
2025-03-01,601000,ATELIER-ALU,97028.19
2025-03-01,601000,ATELIER-PVC,77666.07
2025-03-01,602000,ATELIER-ALU,14990.44
2025-03-01,602000,ATELIER-PVC,13267.92
2025-03-01,602000,LOGISTIQUE,10855.6
2025-03-01,606100,ATELIER-ALU,9019.62
2025-03-01,606100,ATELIER-PVC,9736.5
2025-03-01,606100,LOGISTIQUE,8880.85
2025-03-01,606100,ADMIN,6713.87
2025-03-01,611000,ATELIER-ALU,22256.98
2025-03-01,611000,ATELIER-PVC,25375.89
2025-03-01,613000,LOGISTIQUE,6908.2
2025-03-01,613000,ADMIN,4452.34
2025-03-01,615000,ATELIER-ALU,9781.97
2025-03-01,615000,ATELIER-PVC,7249.11
2025-03-01,615000,LOGISTIQUE,6850.44
2025-03-01,621000,ATELIER-ALU,21166.37
2025-03-01,621000,ATELIER-PVC,19520.85
2025-03-01,641000,ATELIER-ALU,99803.01
2025-03-01,641000,ATELIER-PVC,106467.8
2025-03-01,641000,LOGISTIQUE,101774.75
2025-03-01,641000,ADMIN,52928.81
2025-03-01,645000,ATELIER-ALU,46598.47
2025-03-01,645000,ATELIER-PVC,39978.08
2025-03-01,645000,LOGISTIQUE,39298.36
2025-03-01,645000,ADMIN,27427.32
2025-04-01,601000,ATELIER-ALU,83279.71
2025-04-01,601000,ATELIER-PVC,86153.05
2025-04-01,602000,ATELIER-ALU,12807.13
2025-04-01,602000,ATELIER-PVC,13668.15
2025-04-01,602000,LOGISTIQUE,13232.18
2025-04-01,606100,ATELIER-ALU,12031.19
2025-04-01,606100,ATELIER-PVC,7591.43
2025-04-01,606100,LOGISTIQUE,9742.11
2025-04-01,606100,ADMIN,6710.01
2025-04-01,611000,ATELIER-ALU,28151.04
2025-04-01,611000,ATELIER-PVC,22390.02
2025-04-01,613000,LOGISTIQUE,5308.95
2025-04-01,613000,ADMIN,2975.69
2025-04-01,615000,ATELIER-ALU,8867.57
2025-04-01,615000,ATELIER-PVC,6539.96
2025-04-01,615000,LOGISTIQUE,6213.94
2025-04-01,621000,ATELIER-ALU,17013.87
2025-04-01,621000,ATELIER-PVC,24520.14
2025-04-01,641000,ATELIER-ALU,102915.85
2025-04-01,641000,ATELIER-PVC,82661.93
2025-04-01,641000,LOGISTIQUE,91923.19
2025-04-01,641000,ADMIN,65932.4
2025-04-01,645000,ATELIER-ALU,51141.07
2025-04-01,645000,ATELIER-PVC,40278.22
2025-04-01,645000,LOGISTIQUE,36638.81
2025-04-01,645000,ADMIN,30350.99
2025-05-01,601000,ATELIER-ALU,102874.52
2025-05-01,601000,ATELIER-PVC,92931.48
2025-05-01,602000,ATELIER-ALU,15682.81
2025-05-01,602000,ATELIER-PVC,10218.5
2025-05-01,602000,LOGISTIQUE,10680.47
2025-05-01,606100,ATELIER-ALU,11332.44
2025-05-01,606100,ATELIER-PVC,10223.66
2025-05-01,606100,LOGISTIQUE,7985.02
2025-05-01,606100,ADMIN,6003.94
2025-05-01,611000,ATELIER-ALU,27835.72
2025-05-01,611000,ATELIER-PVC,30063.97
2025-05-01,613000,LOGISTIQUE,6764.1
2025-05-01,613000,ADMIN,3488.04
2025-05-01,615000,ATELIER-ALU,7154.67
2025-05-01,615000,ATELIER-PVC,7568.33
2025-05-01,615000,LOGISTIQUE,7570.32
2025-05-01,621000,ATELIER-ALU,22521.06
2025-05-01,621000,ATELIER-PVC,21582.87
2025-05-01,641000,ATELIER-ALU,109096.01
2025-05-01,641000,ATELIER-PVC,93353.99
2025-05-01,641000,LOGISTIQUE,87496.4
2025-05-01,641000,ADMIN,63715.06
2025-05-01,645000,ATELIER-ALU,54543.85
2025-05-01,645000,ATELIER-PVC,49936.6
2025-05-01,645000,LOGISTIQUE,43696.14
2025-05-01,645000,ADMIN,30928.34
2025-06-01,601000,ATELIER-ALU,108606.46
2025-06-01,601000,ATELIER-PVC,82804.17
2025-06-01,602000,ATELIER-ALU,15837.73
2025-06-01,602000,ATELIER-PVC,14392.97
2025-06-01,602000,LOGISTIQUE,10126.27
2025-06-01,606100,ATELIER-ALU,9667.33
2025-06-01,606100,ATELIER-PVC,9160.17
2025-06-01,606100,LOGISTIQUE,7942.12
2025-06-01,606100,ADMIN,5064.83
2025-06-01,611000,ATELIER-ALU,27508.13
2025-06-01,611000,ATELIER-PVC,25415.49
2025-06-01,613000,LOGISTIQUE,8680.69
2025-06-01,613000,ADMIN,3093.44
2025-06-01,615000,ATELIER-ALU,8525.17
2025-06-01,615000,ATELIER-PVC,7583.26
2025-06-01,615000,LOGISTIQUE,6946.38
2025-06-01,621000,ATELIER-ALU,18340.96
2025-06-01,621000,ATELIER-PVC,20110.27
2025-06-01,641000,ATELIER-ALU,111659.99
2025-06-01,641000,ATELIER-PVC,96550.38
2025-06-01,641000,LOGISTIQUE,110778.77
2025-06-01,641000,ADMIN,63408.27
2025-06-01,645000,ATELIER-ALU,45024.54
2025-06-01,645000,ATELIER-PVC,38598.71
2025-06-01,645000,LOGISTIQUE,41925.65
2025-06-01,645000,ADMIN,22418.37
2025-07-01,601000,ATELIER-ALU,98039.62
2025-07-01,601000,ATELIER-PVC,102198.66
2025-07-01,602000,ATELIER-ALU,12743.42
2025-07-01,602000,ATELIER-PVC,10707.1
2025-07-01,602000,LOGISTIQUE,15583.42
2025-07-01,606100,ATELIER-ALU,9919.56
2025-07-01,606100,ATELIER-PVC,9138.48
2025-07-01,606100,LOGISTIQUE,8374.06
2025-07-01,606100,ADMIN,5716.2
2025-07-01,611000,ATELIER-ALU,25447.32
2025-07-01,611000,ATELIER-PVC,21512.82
2025-07-01,613000,LOGISTIQUE,5295.9
2025-07-01,613000,ADMIN,3557.3
2025-07-01,615000,ATELIER-ALU,7678.39
2025-07-01,615000,ATELIER-PVC,7818.44
2025-07-01,615000,LOGISTIQUE,6360.4
2025-07-01,621000,ATELIER-ALU,19742.19
2025-07-01,621000,ATELIER-PVC,16502.95
2025-07-01,641000,ATELIER-ALU,119614.96
2025-07-01,641000,ATELIER-PVC,85521.83
2025-07-01,641000,LOGISTIQUE,91871.04
2025-07-01,641000,ADMIN,65157.95
2025-07-01,645000,ATELIER-ALU,45864.25
2025-07-01,645000,ATELIER-PVC,44514.3
2025-07-01,645000,LOGISTIQUE,50766.47
2025-07-01,645000,ADMIN,23684.86
2025-08-01,601000,ATELIER-ALU,92743.78
2025-08-01,601000,ATELIER-PVC,109334.2
2025-08-01,602000,ATELIER-ALU,14455.96
2025-08-01,602000,ATELIER-PVC,10992.66
2025-08-01,602000,LOGISTIQUE,13628.24
2025-08-01,606100,ATELIER-ALU,11003.85
2025-08-01,606100,ATELIER-PVC,9817.79
2025-08-01,606100,LOGISTIQUE,9682.71
2025-08-01,606100,ADMIN,5351.38
2025-08-01,611000,ATELIER-ALU,26636.57
2025-08-01,611000,ATELIER-PVC,24437.94
2025-08-01,613000,LOGISTIQUE,5679.05
2025-08-01,613000,ADMIN,3980.92
2025-08-01,615000,ATELIER-ALU,7932.3
2025-08-01,615000,ATELIER-PVC,7675.7
2025-08-01,615000,LOGISTIQUE,7888.36
2025-08-01,621000,ATELIER-ALU,22229.65
2025-08-01,621000,ATELIER-PVC,16073.68
2025-08-01,641000,ATELIER-ALU,110120.51
2025-08-01,641000,ATELIER-PVC,87359.01
2025-08-01,641000,LOGISTIQUE,112330.56
2025-08-01,641000,ADMIN,65168.51
2025-08-01,645000,ATELIER-ALU,52344.65
2025-08-01,645000,ATELIER-PVC,35252.56
2025-08-01,645000,LOGISTIQUE,42194.63
2025-08-01,645000,ADMIN,28197.75
2025-09-01,601000,ATELIER-ALU,101865.14
2025-09-01,601000,ATELIER-PVC,91095.15
2025-09-01,602000,ATELIER-ALU,13095.77
2025-09-01,602000,ATELIER-PVC,13384.26
2025-09-01,602000,LOGISTIQUE,11533.05
2025-09-01,606100,ATELIER-ALU,9765.79
2025-09-01,606100,ATELIER-PVC,10679.78
2025-09-01,606100,LOGISTIQUE,9532.68
2025-09-01,606100,ADMIN,5229.99
2025-09-01,611000,ATELIER-ALU,25631.82
2025-09-01,611000,ATELIER-PVC,25400.34
2025-09-01,613000,LOGISTIQUE,6112.6
2025-09-01,613000,ADMIN,3450.86
2025-09-01,615000,ATELIER-ALU,9044.83
2025-09-01,615000,ATELIER-PVC,7844.94
2025-09-01,615000,LOGISTIQUE,7476.5
2025-09-01,621000,ATELIER-ALU,19849.42
2025-09-01,621000,ATELIER-PVC,16200.22
2025-09-01,641000,ATELIER-ALU,116177.34
2025-09-01,641000,ATELIER-PVC,89050.03
2025-09-01,641000,LOGISTIQUE,95717.09
2025-09-01,641000,ADMIN,71390.14
2025-09-01,645000,ATELIER-ALU,46804.38
2025-09-01,645000,ATELIER-PVC,46426.58
2025-09-01,645000,LOGISTIQUE,46673.46
2025-09-01,645000,ADMIN,24249.17
2025-10-01,601000,ATELIER-ALU,113535.96
2025-10-01,601000,ATELIER-PVC,85280.43
2025-10-01,602000,ATELIER-ALU,16814.21
2025-10-01,602000,ATELIER-PVC,13540.58
2025-10-01,602000,LOGISTIQUE,11467.61
2025-10-01,606100,ATELIER-ALU,10423.6
2025-10-01,606100,ATELIER-PVC,9174.66
2025-10-01,606100,LOGISTIQUE,8612.41
2025-10-01,606100,ADMIN,5712.29
2025-10-01,611000,ATELIER-ALU,26964.08
2025-10-01,611000,ATELIER-PVC,22171.39
2025-10-01,613000,LOGISTIQUE,6394.35
2025-10-01,613000,ADMIN,3538.78
2025-10-01,615000,ATELIER-ALU,7297.18
2025-10-01,615000,ATELIER-PVC,7477.11
2025-10-01,615000,LOGISTIQUE,7693.08
2025-10-01,621000,ATELIER-ALU,22567.78
2025-10-01,621000,ATELIER-PVC,20925.98
2025-10-01,641000,ATELIER-ALU,113186.03
2025-10-01,641000,ATELIER-PVC,112889.32
2025-10-01,641000,LOGISTIQUE,86067.28
2025-10-01,641000,ADMIN,63211.8
2025-10-01,645000,ATELIER-ALU,53450.57
2025-10-01,645000,ATELIER-PVC,42185.67
2025-10-01,645000,LOGISTIQUE,45232.33
2025-10-01,645000,ADMIN,28373.42
2025-11-01,601000,ATELIER-ALU,102926.22
2025-11-01,601000,ATELIER-PVC,85444.44
2025-11-01,602000,ATELIER-ALU,14674.72
2025-11-01,602000,ATELIER-PVC,13308.22
2025-11-01,602000,LOGISTIQUE,12189.72
2025-11-01,606100,ATELIER-ALU,11633.11
2025-11-01,606100,ATELIER-PVC,11500.17
2025-11-01,606100,LOGISTIQUE,10107.76
2025-11-01,606100,ADMIN,6574.84
2025-11-01,611000,ATELIER-ALU,24100.25
2025-11-01,611000,ATELIER-PVC,24327.59
2025-11-01,613000,LOGISTIQUE,5910.72
2025-11-01,613000,ADMIN,4266.91
2025-11-01,615000,ATELIER-ALU,9484.43
2025-11-01,615000,ATELIER-PVC,6617.17
2025-11-01,615000,LOGISTIQUE,6972.49
2025-11-01,621000,ATELIER-ALU,22419.75
2025-11-01,621000,ATELIER-PVC,15881.58
2025-11-01,641000,ATELIER-ALU,113905.19
2025-11-01,641000,ATELIER-PVC,112266.24
2025-11-01,641000,LOGISTIQUE,98174.13
2025-11-01,641000,ADMIN,78039.06
2025-11-01,645000,ATELIER-ALU,57045.57
2025-11-01,645000,ATELIER-PVC,37124.85
2025-11-01,645000,LOGISTIQUE,40733.04
2025-11-01,645000,ADMIN,28152.1
2025-12-01,601000,ATELIER-ALU,94815.81
2025-12-01,601000,ATELIER-PVC,74989.43
2025-12-01,602000,ATELIER-ALU,13956.41
2025-12-01,602000,ATELIER-PVC,12320.65
2025-12-01,602000,LOGISTIQUE,13655.93
2025-12-01,606100,ATELIER-ALU,12674.67
2025-12-01,606100,ATELIER-PVC,8631.36
2025-12-01,606100,LOGISTIQUE,9576.74
2025-12-01,606100,ADMIN,4795.65
2025-12-01,611000,ATELIER-ALU,26037.39
2025-12-01,611000,ATELIER-PVC,20752.53
2025-12-01,613000,LOGISTIQUE,6062.26
2025-12-01,613000,ADMIN,3698.09
2025-12-01,615000,ATELIER-ALU,9087.4
2025-12-01,615000,ATELIER-PVC,7870.57
2025-12-01,615000,LOGISTIQUE,7523.35
2025-12-01,621000,ATELIER-ALU,23023.14
2025-12-01,621000,ATELIER-PVC,18226.34
2025-12-01,641000,ATELIER-ALU,116612.75
2025-12-01,641000,ATELIER-PVC,87188.48
2025-12-01,641000,LOGISTIQUE,84929.74
2025-12-01,641000,ADMIN,61573.6
2025-12-01,645000,ATELIER-ALU,51510.53
2025-12-01,645000,ATELIER-PVC,49636.0
2025-12-01,645000,LOGISTIQUE,49730.71
2025-12-01,645000,ADMIN,27705.98
2025-03-01,611000,LOGISTIQUE,19835.52
2025-07-01,621000,ADMIN,15021.92
2025-09-01,613000,ATELIER-ALU,6533.21
2025-05-01,699999,ATELIER-ALU,4200.0
2025-08-01,699999,LOGISTIQUE,3100.0
2025-02-01,601000,ATELIER-ALU,92345.53
2025-02-01,601000,ATELIER-PVC,76608.66
2025-06-01,601000,ATELIER-ALU,108606.46
2025-01-01,609999,ATELIER-ALU,1234.56
